order_id,customer_name,city,category,product,quantity,unit_price,payment_method,order_status,order_date,rating
1100,Fatima Farooq,Peshawar,Food & Grocery,Cooking Oil 5L,3,1750,Bank Transfer,Delivered,2023-07-25,4
1065,Ahmed Butt,Rawalpindi,Clothing,Jeans,4,3200,EasyPaisa,Cancelled,2024-05-17,5
1019,Nadia Nawaz,Multan,Home & Kitchen,Non-Stick Pan,1,2250,JazzCash,Processing,2024-02-25,5
1246,Faisal Sheikh,Islamabad,Electronics,USB Cable,2,350,JazzCash,Delivered,2024-02-23,5
1302,Bilal Ahmed,Rawalpindi,Health & Beauty,Hair Oil,5,350,JazzCash,Shipped,2023-06-28,3
1448,Fatima Butt,Peshawar,Sports,Badminton Set,4,1900,Debit Card,Returned,2024-04-16,5
1477,Saima Baig,Karachi,Electronics,USB Cable,5,350,Cash on Delivery,Delivered,2023-06-11,5
1264,Faisal Raza,Faisalabad,Health & Beauty,Face Wash,4,0,Bank Transfer,Delivered,2023-09-11,5
1438,Usman Javed,Peshawar,Sports,Sports Shoes,5,5350,Cash on Delivery,Delivered,2023-04-03,
1057,Adnan Ali,Karachi,Home & Kitchen,Water Bottle,1,650,EasyPaisa,Delivered,2024-04-29,4
1142,Junaid Hashmi,Islamabad,Sports,Badminton Set,2,1750,Debit Card,Delivered,2024-03-24,3
1487,Amna Iqbal,Peshawar,Electronics,Charger,5,750,Cash on Delivery,Shipped,2023-03-21,4
1254,Amna Qureshi,Peshawar,Sports,Protein Powder,2,4950,Debit Card,Delivered,2023-07-10,5
1206,Kamran Butt,Quetta,Clothing,Jeans,5,3200,Credit Card,Cancelled,2023-02-26,5
1359,Nimra Butt,Gujranwala,Health & Beauty,Hair Oil,2,350,Bank Transfer,Shipped,2023-07-12,4
1388,Junaid Iqbal,Karachi,Clothing,Shalwar Kameez,4,2700,Debit Card,Delivered,2023-07-24,5
1242,Ayesha Nawaz,Lahore,Health & Beauty,Vitamin C,-2,950,Bank Transfer,Delivered,2024-04-13,4
1434,Tariq Mirza,Sialkot,Electronics,Tablet,4,33500,Cash on Delivery,Delivered,2023-05-29,5
1261,Ahmed Nawaz,Islamabad,Home & Kitchen,Electric Kettle,5,2800,Bank Transfer,Processing,2024-05-18,5
1094,Hina Malik,Rawalpindi,Sports,Badminton Set,2,1750,Credit Card,Processing,2023-09-04,5
1375,Mehwish Qureshi,Lahore,Toys,Action Figure,2,650,JazzCash,Delivered,2024-06-03,4
1089,Mehwish Iqbal,Karachi,Health & Beauty,Sanitizer 500ml,4,300,Debit Card,Delivered,2024-05-22,3
1165,Mehwish Ahmed,Quetta,Food & Grocery,Spices Pack,1,250,JazzCash,Shipped,2023-03-08,
1335,Saima Siddiqui,Sialkot,Health & Beauty,Hair Oil,3,400,Bank Transfer,Cancelled,2023-02-08,4
1011,Tariq Javed,Gujranwala,Toys,Puzzle 500pc,5,1000,Cash on Delivery,Delivered,2023-10-01,5
1389,Adnan Qureshi,Faisalabad,Books & Stationery,English Grammar,1,850,JazzCash,Delivered,2023-02-03,5
1342,Nadia Ansari,Quetta,Toys,Remote Car,4,2800,JazzCash,Shipped,2023-06-17,5
1222,Sana Butt,Quetta,Toys,Doll,4,850,JazzCash,Delivered,2024-01-15,5
1140,Asad Iqbal,Sialkot,Health & Beauty,Face Wash,3,450,EasyPaisa,Shipped,2024-05-12,4
1416,Imran Qureshi,Islamabad,Food & Grocery,Spices Pack,3,250,Bank Transfer,Delivered,2023-03-06,5
1037,Nadia Shah, Rawalpindi,Health & Beauty,Vitamin C,2,900,Debit Card,Delivered,2024-02-13,5
1132,Adnan Ahmed,Islamabad,Toys,Toy Kitchen,5,2250,Bank Transfer,Shipped,2023-11-20,4
9092,Zara Raza,Quetta,Food & Grocery,Sugar 5kg,1,550,Cash on Delivery,Shipped,2023-01-19,5
1063,Rizwan Ahmed,Faisalabad,Toys,Board Game,4,1500,Debit Card,Processing,2023-12-11,3
1272,Kamran Sheikh,Gujranwala,Food & Grocery,Spices Pack,3,250,Cash on Delivery,Delivered,2023-04-12,5
1025,Sara Ali,Sialkot,Clothing,Jacket,1,4550,Debit Card,Delivered,2024-02-18,4
1426,Sobia Iqbal,Islamabad,Clothing,Jacket,4,4700,Credit Card,Delivered,2024-06-28,
1113,Asad Khan,Karachi,Toys,Coloring Book,4,350,Bank Transfer,Cancelled,2023-03-17,4
1417,Sana Baig,Karachi,Home & Kitchen,Blender,4,3800,Bank Transfer,Delivered,2023-02-10,5
1288,Sana Malik,quetta,Clothing,Shalwar Kameez,3,2900,JazzCash,Returned,2023-03-07,5
1125,Zara Siddiqui, Rawalpindi,Toys,Puzzle 500pc,1,900,Credit Card,Delivered,2023-01-08,4
1367,Imran Siddiqui,Faisalabad,Toys,Lego Set,1,3300,Cash on Delivery,Shipped,2024-01-04,5
1409,Kamran Ansari,Islamabad,Home & Kitchen,Non-Stick Pan,3,2250,EasyPaisa,Shipped,2024-05-12,5
1478,Hassan Hashmi,Peshawar,Electronics,Laptop,3,86250,Debit Card,Returned,2023-04-20,4
1174,Hassan Ali,Islamabad,Toys,Coloring Book,4,350,JazzCash,Delivered,2023-11-17,5
1274,Sara Chaudhry,Lahore,Health & Beauty,Vitamin C,1,950,Debit Card,Delivered,2023-02-23,5
1479,Rabia Baig,Peshawar,Health & Beauty,Sanitizer 500ml,2,300,Bank Transfer,Shipped,2023-05-18,5
1292,Nadia Iqbal,Peshawar,Books & Stationery,CSS Notes,5,2150,Credit Card,Delivered,2023-07-03,4
1279,Mehwish Shah,Lahore,Clothing,Jacket,1,4550,Bank Transfer,Shipped,2024-03-15,5
1220,Omar Mirza,Faisalabad,Electronics,Headphones,2,4700,Cash on Delivery,Cancelled,2023-09-06,4
1176,Usman Hussain,Rawalpindi,Food & Grocery,Cooking Oil 5L,1,1750,Bank Transfer,Processing,2023-09-12,4
1347,Sobia Raza,Quetta,Clothing,Dupatta,3,900,JazzCash,Shipped,2023-11-02,4
1146,Hassan Qureshi,Faisalabad,Toys,Remote Car,4,2700,EasyPaisa,Cancelled,,3
1138,Zara Sheikh,Multan,Books & Stationery,Pens Box,5,250,JazzCash,Delivered,2023-05-25,5
1033,Waqas Iqbal,Sialkot,Electronics,Smartphone,1,47000,Debit Card,Delivered,2023-02-06,5
1029,Junaid Baig,Peshawar,Books & Stationery,English Grammar,4,900,Debit Card,Shipped,2024-06-25,3
1006,Mehwish Raza,Multan,Books & Stationery,Atlas,3,950,JazzCash,Delivered,2023-10-01,4
1240,Ahmed Siddiqui,Multan,Sports,Football,5,2300,EasyPaisa,Returned,2023-06-23,5
1188,Shahid Shah,FAISALABAD,Health & Beauty,Sanitizer 500ml,5,300,EasyPaisa,Cancelled,2024-06-29,5
1495,Nadia Chaudhry,Faisalabad,Clothing,Abaya,5,3650,Debit Card,Delivered,2023-11-29,5
1051,Nadia Javed,Islamabad,Home & Kitchen,Non-Stick Pan,4,2200,Credit Card,Cancelled,2024-03-01,3
1080,Uzma Chaudhry,Islamabad,Sports,Protein Powder,1,4800,Bank Transfer,Shipped,2023-11-25,4
1108,SOBIA SHAH,Gujranwala,Electronics,Laptop,3,82800,EasyPaisa,Delivered,2023-03-12,
1190,Waqas Shah,Quetta,Health & Beauty,Sanitizer 500ml,3,300,Debit Card,Shipped,2023-10-22,4
1283,Amna Qureshi,Quetta,Clothing,Shalwar Kameez,-5,2700,JazzCash,Delivered,2023-02-10,3
1223,Hina Ali,Gujranwala,Home & Kitchen,Dinner Set,1,6350,Credit Card,Processing,2023-10-30,4
1397,Ayesha Shah,Gujranwala,Toys,Lego Set,1,0,Bank Transfer,Delivered,2023-09-07,3
1439,Ayesha Sheikh,Gujranwala,Health & Beauty,Multivitamin,3,1150,EasyPaisa,Cancelled,2024-02-18,3
1048,Sobia Butt,Sialkot,Health & Beauty,Sanitizer 500ml,5,350,Credit Card,Processing,2024-04-01,4
1486,Nadia Hashmi,Lahore,Electronics,Headphones,4,4700,Cash on Delivery,Cancelled,2023-03-04,5
1308,Hina Sheikh,Quetta,Electronics,Smartphone,3,44450,Bank Transfer,Delivered,2024-06-22,4
1152,Sara Ahmed,Sialkot,Health & Beauty,Shampoo,5,500,Credit Card,Returned,2023-01-21,5
1183,Imran Malik,Gujranwala,Food & Grocery,Ghee 1kg,5,650,Bank Transfer,Shipped,2023-12-11,
1205,Waqas Ansari,Lahore,Clothing,Shalwar Kameez,5,2900,EasyPaisa,Returned,2023-06-03,4
1304,Rizwan Baig,Islamabad,Home & Kitchen,Electric Kettle,3,2850,Debit Card,Delivered,2023-09-23,4
1268,UZMA ALI,Faisalabad,Food & Grocery,Flour 10kg,2,900,JazzCash,Delivered,2024-02-07,5
1040,Tariq Farooq,Rawalpindi,Books & Stationery,IELTS Guide,4,1700,Credit Card,Delivered,2024-01-08,5
1193,,Rawalpindi,Home & Kitchen,Pressure Cooker,5,4650,EasyPaisa,Delivered,2023-04-13,5
1209,Uzma Nawaz,Karachi,Books & Stationery,Urdu Novel,2,450,Debit Card,Processing,2024-01-19,5
1250,Nimra Butt,karachi,Home & Kitchen,Iron,3,3450,Debit Card,Returned,2023-06-04,5
1131,,Peshawar,Health & Beauty,Sunscreen SPF50,2,800,JazzCash,Delivered,2023-06-27,4
1436,Maryam Butt,Faisalabad,Electronics,Tablet,4,31800,EasyPaisa,Returned,2023-10-20,4
1109,OMAR FAROOQ,Rawalpindi,Home & Kitchen,Blender,2,3900,Credit Card,Delivered,2023-10-11,4
1356,BILAL HASHMI,Multan,Sports,Sports Shoes,4,5750,Bank Transfer,Delivered,2023-02-08,
1398,Sobia Mirza,islamabad ,Clothing,Abaya,3,3500,JazzCash,Delivered,2024-06-13,5
1419,Tariq Baig,Sialkot,Sports,Skipping Rope,3,450,Bank Transfer,Delivered,2024-05-28,4
1049,Nimra Nawaz,Quetta,Books & Stationery,Notebook Pack,3,350,Credit Card,Cancelled,2023-09-02,5
1315,Waqas Qureshi,Peshawar,Electronics,Laptop,2,85750,EasyPaisa,Delivered,2024-06-22,5
1325,Nimra Sheikh,Faisalabad,Books & Stationery,Pens Box,2,250,Bank Transfer,Returned,2024-05-17,4
1036,Nimra Mirza,Multan,Home & Kitchen,Storage Box,2,850,Cash on Delivery,Processing,2023-02-09,5
1446,Zara Ahmed,Quetta,Electronics,Laptop,4,83900,JazzCash,Cancelled,2023-10-09,5
1249,Sara Hashmi,Karachi,Sports,Skipping Rope,4,450,Cash on Delivery,Shipped,2023-08-16,
1383,Nimra Ali,Sialkot,Sports,Protein Powder,5,4950,EasyPaisa,Delivered,2023-05-12,4
1390,Rizwan Hussain,Lahore,Home & Kitchen,Electric Kettle,2,2800,Debit Card,Shipped,2023-02-18,5
1185,Faisal Siddiqui,Karachi,Toys,Puzzle 500pc,5,Rs.950,Debit Card,Delivered,2024-05-06,4
1182,Omar Hashmi,Sialkot,Sports,Cricket Bat,1,4300,Debit Card,Shipped,2024-04-30,
9145,Hassan Qureshi,Faisalabad,Toys,Remote Car,-4,2700,EasyPaisa,Cancelled,2023-12-30,3
1191,Faisal Sheikh,Multan,Sports,Skipping Rope,2,450,JazzCash,Delivered,2023-12-21,5
1224,Omar Mirza,Rawalpindi,Sports,Gym Gloves,4,950,Debit Card,Shipped,2023-09-21,5
1072,Faisal Ali,Islamabad,Food & Grocery,Sugar 5kg,1,600,Cash on Delivery,Returned,2024-03-02,4
1263,Nadia Sheikh,Faisalabad,Food & Grocery,Spices Pack,5,250,Bank Transfer,Returned,2024-06-07,4
1425,Maryam Farooq,Lahore,Home & Kitchen,Electric Kettle,4,2700,Cash on Delivery,Delivered,2024-06-19,
1468,Usman Ahmed,Multan,Home & Kitchen,Storage Box,3,Rs.850,Credit Card,Shipped,2024-02-27,4
1248,AMNA BUTT,Multan,Electronics,Power Bank,5,3250,Cash on Delivery,Delivered,2023-09-12,5
1039,Faisal Chaudhry,Karachi,Clothing,Abaya,3,3600,JazzCash,Processing,2024-06-07,4
1418,Zara Butt,Faisalabad,Books & Stationery,English Grammar,4,850,JazzCash,Delivered,2024-06-13,5
1154,Nimra Raza,Gujranwala,Health & Beauty,Sunscreen SPF50,1,850,JazzCash,Delivered,2024-04-20,5
1133,IMRAN AHMED,Quetta,Toys,Puzzle 500pc,3,950,JazzCash,Returned,2023-03-17,5
1096,Sobia Sheikh,Islamabad,Clothing,Shawl,3,1550,JazzCash,Processing,2023-09-14,5
1053,Amna Sheikh,Gujranwala,Home & Kitchen,Iron,2,3400,Bank Transfer,Delivered,2024-02-03,5
1386,Mehwish Mirza,Sialkot,Home & Kitchen,Water Bottle,2,650,JazzCash,Shipped,2023-05-16,4
1101,Saima Sheikh, gujranwala,Books & Stationery,English Grammar,3,900,Bank Transfer,Shipped,2023-12-13,4
1453,Sara Iqbal,Quetta,Food & Grocery,Ghee 1kg,4, 650 ,Credit Card,Delivered,2024-02-12,4
1043,Amna Khan,Faisalabad,Books & Stationery,Notebook Pack,4,350,Credit Card,Shipped,2024-04-21,5
1411,Saima Baig,Multan,Books & Stationery,Mathematics Book,2,650,JazzCash,Cancelled,2024-04-18,5
1111,Sara Chaudhry,Karachi,Food & Grocery,Tea 500g,5,350,Cash on Delivery,Cancelled,2024-04-04,5
1115,Maryam Butt,Faisalabad,Toys,Coloring Book,1,350,Cash on Delivery,Returned,2023-08-09,5
1440,Usman Qureshi,Multan,Clothing,Kurta,5,1750,Cash on Delivery,Returned,2023-09-21,
1470,Omar Mirza,Karachi,Food & Grocery,Basmati Rice 5kg,5,1150,Cash on Delivery,Shipped,2023-10-03,4
1471,Waqas Hussain,Karachi,Home & Kitchen,Non-Stick Pan,2,2100,EasyPaisa,Shipped,2024-03-06,5
1062,Sara Butt,Faisalabad,Toys,Toy Kitchen,4,2250,Credit Card,Shipped,2023-11-27,4
1260,Asad Sheikh,Islamabad,Food & Grocery,Spices Pack,3,250,JazzCash,Cancelled,2023-02-24,5
1394,Ahmed Mirza,Quetta,Food & Grocery,Basmati Rice 5kg,2,1250,Credit Card,Delivered,2023-11-05,5
1005,Hassan Sheikh,Faisalabad,Health & Beauty,Moisturizer,1,Rs.650,EasyPaisa,Shipped,2023-03-23,4
1103,Zara Hussain,Peshawar,Books & Stationery,Urdu Novel,3,450,EasyPaisa,Cancelled,,
1324,Asad Qureshi,Gujranwala,Sports,Badminton Set,1,1750,EasyPaisa,Delivered,2024-02-24,
1118,Nimra Ansari,Islamabad,Electronics,Power Bank,1,3150,Debit Card,Processing,2023-02-22,5
1123,Adnan Farooq,Gujranwala,Clothing,Shalwar Kameez,2,2700,Credit Card,Delivered,2023-03-25,5
1087,Usman Iqbal,Peshawar,Books & Stationery,IELTS Guide,3,1850,Credit Card,Cancelled,2023-06-02,5
1201,Nadia Hussain,Faisalabad,Health & Beauty,Vitamin C,5,950,Cash on Delivery,Shipped,2024-01-04,4
1370,Waqas Nawaz,Multan,Food & Grocery,Cooking Oil 5L,2,1850,Cash on Delivery,Delivered,2023-04-17,5
1112,Shahid Farooq,Lahore,Toys,Board Game,5,1450,Debit Card,Returned,2023-11-05,5
1393,Nimra Butt,Lahore,Sports,Cricket Bat,4,4400,JazzCash,Delivered,2023-06-14,5
1102,Imran Ahmed, gujranwala,Home & Kitchen,Electric Kettle,5,2750,Bank Transfer,Delivered,2023-09-28,
1493,Bilal Siddiqui,Karachi,Books & Stationery,Notebook Pack,2,350,Cash on Delivery,Shipped,2024-06-07,
1463,Uzma Chaudhry,Sialkot,Toys,Remote Car,5,2700,Credit Card,Cancelled,2024-03-21,
1030,Sobia Sheikh,Faisalabad,Clothing,Jacket,3,4350,Cash on Delivery,Returned,2023-06-09,5
1277,Nadia Javed,Lahore,Clothing,Kurta,3,1800,JazzCash,Delivered,2024-01-27,4
1216,Rabia Ali,Peshawar,Sports,Skipping Rope,4,450,JazzCash,Processing,2023-07-08,
1380,Sana Siddiqui,Sialkot,Health & Beauty,Shampoo,1,550,Bank Transfer,Delivered,2024-02-24,4
1227,Waqas Malik,Karachi,Home & Kitchen,Iron,3,3350,Debit Card,Cancelled,2024-05-14,3
1202,Fatima Raza,Quetta,Books & Stationery,English Grammar,4,850,Debit Card,Shipped,2023-05-01,5
1498,Ayesha Butt,Karachi,Health & Beauty,Sunscreen SPF50,3,850,EasyPaisa,Delivered,2023-02-21,5
1066,Saima Khan,Lahore,Books & Stationery,Notebook Pack,4,350,JazzCash,Shipped,2024-04-29,
1357,Omar Ansari,Karachi,Health & Beauty,Moisturizer,1,700,Debit Card,Delivered,,5
1052,Omar Iqbal,Multan,Electronics,Smart Watch,4,11400,JazzCash,Shipped,2024-02-04,5
1271,Mehwish Ahmed,Sialkot,Sports,Gym Gloves,4,1000,Bank Transfer,Shipped,2023-11-27,5
1433,Adnan Javed,Islamabad,Clothing,Jeans,4,3300,EasyPaisa,Delivered,2023-08-08,
1343,NIMRA AHMED,Faisalabad,Electronics,Smart Watch,1,11600,Credit Card,Delivered,2023-08-15,4
1270,,Quetta,Toys,Action Figure,5,650,Debit Card,Delivered,2024-04-14,5
1338,Ayesha Hussain,Peshawar,Books & Stationery,Urdu Novel,5,Rs.450,EasyPaisa,Cancelled,2023-08-05,5
1012,ZARA SIDDIQUI,Multan,Food & Grocery,Spices Pack,1,250,Debit Card,Shipped,2024-05-27,4
1349,Usman Iqbal,Multan,Sports,Cricket Bat,5,4600,Credit Card,Delivered,2023-12-18,4
1331,Rabia Siddiqui,Lahore,Sports,Cricket Bat,5,4550,Credit Card,Delivered,2023-05-04,5
1444,Uzma Qureshi,Quetta,Health & Beauty,Multivitamin,2,1250,JazzCash,Delivered,2023-07-14,5
1284,Saima Javed,Sialkot,Books & Stationery,Urdu Novel,4,450,Cash on Delivery,Returned,2023-06-06,5
1120,Sana Raza,Faisalabad,Home & Kitchen,Electric Kettle,5,2950,Credit Card,Returned,2023-01-27,5
1407,Omar Ansari,Rawalpindi,Sports,Badminton Set,2,1750,Credit Card,Shipped,2023-07-18,4
9070,Imran Mirza,Islamabad,Electronics,Charger,4,750,Cash on Delivery,Processing,2023-11-06,4
1001,Asad Raza,Karachi,Books & Stationery,Notebook Pack,2,350,Cash on Delivery,Returned,2023-03-31,5
1050,Imran Ahmed,Faisalabad,Home & Kitchen,Storage Box,3,850,Credit Card,Delivered,2023-05-22,4
1207,Bilal Butt,Multan,Toys,Lego Set,5,3200,JazzCash,Delivered,2024-02-10,5
1060,Waqas Siddiqui,Gujranwala,Clothing,Shalwar Kameez,3,2800,Debit Card,Shipped,2023-03-12,
1480,Junaid Ali,Quetta,Toys,Puzzle 500pc,5,950,EasyPaisa,Delivered,2023-12-23,5
1307,Omar Qureshi,Faisalabad,Books & Stationery,Atlas,2,950,Credit Card,Delivered,2023-10-30,5
1377,Imran Mirza,islamabad ,Toys,Lego Set,1,3150,Cash on Delivery,Returned,2023-01-01,4
1330,Saima Sheikh,Multan,Home & Kitchen,Pressure Cooker,4,4950,Bank Transfer,Returned,2024-05-01,4
1189,Amna Ansari,Faisalabad,Toys,Board Game,2,1450,JazzCash,Delivered,2023-11-01,5
1134,Imran Hussain,Karachi,Electronics,Power Bank,3,3050,Cash on Delivery,Returned,2024-01-29,5
1128,Uzma Ahmed,Peshawar,Sports,Sports Shoes,4,5400,Bank Transfer,Delivered,2023-11-29,4
1145,Mehwish Chaudhry,Karachi,Toys,Action Figure,5,700,Debit Card,Returned,2023-05-08,5
1285,Hassan Siddiqui,Lahore,Home & Kitchen,Dinner Set,5,6400,Credit Card,Delivered,2023-11-14,5
1385,KAMRAN SIDDIQUI,Quetta,Food & Grocery,Flour 10kg,4,950,Debit Card,Returned,2023-11-03,
1384,Tariq Hashmi,Gujranwala,Health & Beauty,Hair Oil,4,400,Debit Card,Delivered,2023-10-08,5
1490,Amna Javed,Sialkot,Health & Beauty,Sunscreen SPF50,5,900,Bank Transfer,Shipped,2023-11-19,
1247,Bilal Siddiqui,peshawar ,Books & Stationery,English Grammar,4,850,Cash on Delivery,Cancelled,2024-05-05,5
1198,Mehwish Butt,Quetta,Books & Stationery,Notebook Pack,1, 350 ,Debit Card,Cancelled,2023-09-21,4
1067,Shahid Ansari,Multan,Health & Beauty,Multivitamin,4,1150,JazzCash,Delivered,2023-05-04,4
1299,,Multan,Health & Beauty,Multivitamin,4,1150,Cash on Delivery,Delivered,2023-05-20,4
1341,Imran Ali,Peshawar,Home & Kitchen,Storage Box,3,900,Credit Card,Processing,2023-05-07,3
1213,Maryam Khan,Rawalpindi,Home & Kitchen,Non-Stick Pan,1,2200,Bank Transfer,Delivered,2023-09-08,3
1074,Adnan Shah,Rawalpindi,Books & Stationery,CSS Notes,2,2150,Credit Card,Delivered,2023-06-10,3
1181,Usman Hashmi,Gujranwala,Clothing,Jacket,1,4450,JazzCash,Returned,2024-01-10,4
1412,Sana Siddiqui,Quetta,Clothing,Jacket,5,4300,JazzCash,Delivered,2023-07-21,5
1177,Rizwan Mirza,Gujranwala,Health & Beauty,Moisturizer,2,700,Credit Card,Cancelled,2024-05-25,5
1494,Faisal Farooq,Islamabad,Clothing,Shalwar Kameez,4,2750,EasyPaisa,Shipped,2024-01-11,4
1408,Sara Farooq,Karachi,Toys,Doll,3,850,JazzCash,Delivered,2023-07-22,5
1136,Zara Mirza,Lahore,Food & Grocery,Basmati Rice 5kg,2,1200,Bank Transfer,Returned,2024-06-19,4
1162,Faisal Ali,Gujranwala,Food & Grocery,Spices Pack,3,250,Cash on Delivery,Delivered,2024-06-26,5
1187,Imran Mirza,Multan,Food & Grocery,Tea 500g,2,400,Credit Card,Cancelled,2023-03-05,4
1228,Ahmed Sheikh,Sialkot,Sports,Cricket Bat,1,4500,JazzCash,Returned,2023-10-21,3
1239,Sara Iqbal,Quetta,Sports,Football,1,Rs.2100,Credit Card,Delivered,2023-11-29,5
1457,Asad Mirza,Multan,Sports,Football,1,2150,EasyPaisa,Shipped,2023-11-21,5
1354,Hina Farooq,Quetta,Food & Grocery,Ghee 1kg,2,700,Bank Transfer,Shipped,2023-07-01,5
1218,Shahid Malik,Multan,Home & Kitchen,Storage Box,2,850,Cash on Delivery,Cancelled,2024-01-15,4
1179,Rabia Hashmi,quetta,Books & Stationery,IELTS Guide,1,1800,JazzCash,Shipped,2024-02-17,5
1054,Sobia Javed,Islamabad,Toys,Remote Car,5,2800,Bank Transfer,Delivered,2023-03-27,5
1200,Hassan Javed,Lahore,Food & Grocery,Flour 10kg,4,950,EasyPaisa,Delivered,2023-09-25,5
1483,Sobia Sheikh,Multan,Home & Kitchen,Iron,5,3400,JazzCash,Shipped,2024-02-24,5
1135,Faisal Sheikh,Karachi,Toys,Board Game,3,1500,Credit Card,Delivered,2023-03-05,5
1401,Amna Iqbal,Lahore,Food & Grocery,Basmati Rice 5kg,4,1250,Cash on Delivery,Delivered,2023-03-17,3
1413,Nimra Ahmed,Lahore,Electronics,Laptop,5,85650,Credit Card,Delivered,2023-02-07,
1366,Rizwan Farooq,Quetta,Food & Grocery,Cooking Oil 5L,5,1700,Debit Card,Delivered,2023-09-20,4
1032,Rizwan Chaudhry,Karachi,Electronics,Power Bank,2,3250,JazzCash,Delivered,2024-03-28,
1459,Sara Qureshi,Karachi,Food & Grocery,Daal Masoor 1kg,3,450,Debit Card,Delivered,2023-08-04,4
1121,Ahmed Qureshi,Faisalabad,Books & Stationery,Mathematics Book,3,600,EasyPaisa,Processing,2023-03-13,4
1289,Waqas Farooq,Lahore,Toys,Toy Kitchen,5,2150,Bank Transfer,Delivered,2024-01-12,4
1396,Sara Iqbal,Sialkot,Sports,Football,3,2150,EasyPaisa,Shipped,2023-12-06,5
1437,Fatima Hashmi,Sialkot,Home & Kitchen,Dinner Set,1,Rs.6400,Debit Card,Delivered,2023-06-11,4
1110,Bilal Sheikh,Faisalabad,Food & Grocery,Cooking Oil 5L,1,1750,JazzCash,Delivered,2023-11-28,3
1296,Kamran Khan,Multan,Books & Stationery,CSS Notes,2,2200,EasyPaisa,Processing,2024-05-18,3
1018,Junaid Ali,Peshawar,Clothing,Jeans,3,3250,EasyPaisa,Returned,2023-05-16,5
1406,Mehwish Sheikh,Islamabad,Clothing,Shalwar Kameez,1,2800,Bank Transfer,Returned,2023-03-29,5
1345,Usman Hashmi,Faisalabad,Books & Stationery,Urdu Novel,4,450,Bank Transfer,Shipped,2023-08-12,5
1328,Junaid Chaudhry,Lahore,Sports,Badminton Set,3,1850,JazzCash,Delivered,2024-04-01,3
1083,Fatima Shah,Sialkot,Health & Beauty,Sanitizer 500ml,4,350,EasyPaisa,Shipped,2023-05-15,5
1360,Uzma Javed,Karachi,Home & Kitchen,Water Bottle,2,650,Cash on Delivery,Returned,2023-06-23,4
1301,Ayesha Hussain,Faisalabad,Clothing,Kurta,2,1850,JazzCash,Delivered,2023-08-09,5
1024,Omar Siddiqui,Rawalpindi,Electronics,Laptop,3,81250,Credit Card,Cancelled,2024-05-29,
1402,Sara Chaudhry,Sialkot,Clothing,Jeans,3,3150,Bank Transfer,Processing,2024-03-19,5
1281,OMAR BUTT,Gujranwala,Home & Kitchen,Electric Kettle,3,2850,EasyPaisa,Cancelled,2024-01-31,4
1149,Maryam Khan,Lahore,Electronics,Charger,2,850,Credit Card,Returned,2024-03-09,4
1405,Amna Baig,Islamabad,Sports,Yoga Mat,2,1750,Debit Card,Shipped,,
1496,Sara Nawaz,Gujranwala,Clothing,T-Shirt,1,1250,Credit Card,Processing,2023-03-22,3
1339,Nimra Nawaz,Sialkot,Health & Beauty,Face Wash,5,Rs.500,Cash on Delivery,Shipped,2024-06-02,5
1144,Sana Farooq,Quetta,Toys,Puzzle 500pc,4,950,Bank Transfer,Delivered,2023-07-24,4
1322,Sara Hussain,Lahore,Electronics,Charger,1,800,Cash on Delivery,Delivered,2023-12-17,4
1340,,Gujranwala,Electronics,Tablet,2,Rs.33200,EasyPaisa,Delivered,2023-09-13,3
1153,Mehwish Nawaz,Karachi,Sports,Skipping Rope,3,450,JazzCash,Delivered,2023-12-20,4
1180,Fatima Javed,Karachi,Home & Kitchen,Blender,5,3700,Bank Transfer,Returned,2024-04-06,
1178,Rabia Khan,Lahore,Sports,Protein Powder,2,4650,JazzCash,Delivered,2023-02-21,5
1170,AYESHA QURESHI,Islamabad,Health & Beauty,Moisturizer,3,700,Credit Card,Shipped,2023-03-22,5
1157,Mehwish Ali,Peshawar,Books & Stationery,CSS Notes,3,2200,Bank Transfer,Cancelled,2024-01-31,5
1332,Sara Qureshi,Rawalpindi,Home & Kitchen,Dinner Set,1,6450,Debit Card,Processing,2023-07-26,4
1173,Maryam Khan,Quetta,Books & Stationery,Pens Box,4,250,Debit Card,Processing,2023-11-01,5
1042,Waqas Siddiqui,Sialkot,Food & Grocery,Daal Masoor 1kg,4,450,Bank Transfer,Delivered,2023-11-05,5
1046,Junaid Farooq,islamabad ,Sports,Protein Powder,4,4700,Debit Card,Delivered,2023-04-20,5
1259,Waqas Malik,Sialkot,Sports,Sports Shoes,5,5300,Bank Transfer,Processing,2023-07-10,5
1334,Shahid Hussain,islamabad ,Sports,Football,4,2100,Credit Card,Delivered,2023-04-19,4
1318,Sara Khan,Gujranwala,Sports,Cricket Bat,2,4550,Credit Card,Delivered,2023-04-17,5
1295,Faisal Nawaz, gujranwala,Home & Kitchen,Dinner Set,1,6800,Cash on Delivery,Delivered,2023-12-21,3
1236,Asad Chaudhry,Quetta,Toys,Board Game,3,1500,Bank Transfer,Processing,2023-07-10,5
1085,Nadia Raza,Quetta,Clothing,Jacket,4,4700,JazzCash,Returned,2023-10-07,5
1424,Sara Baig,Multan,Food & Grocery,Flour 10kg,5,950,JazzCash,Delivered,2023-12-17,5
1155,Asad Qureshi,Islamabad,Clothing,Shawl,1,1450,Cash on Delivery,Delivered,2023-02-12,5
1350,Sobia Sheikh,Quetta,Health & Beauty,Vitamin C,2,1000,Credit Card,Delivered,2023-10-28,4
1297,Bilal Chaudhry,Lahore,Electronics,Headphones,5,4450,JazzCash,Cancelled,2023-03-28,4
1171,Omar Sheikh,Faisalabad,Food & Grocery,Sugar 5kg,5,550,Credit Card,Delivered,2023-06-07,4
1009,Tariq Hussain,Islamabad,Books & Stationery,English Grammar,2,850,Credit Card,Shipped,2024-03-14,5
1376,Amna Javed,Multan,Home & Kitchen,Non-Stick Pan,4,2200,Credit Card,Cancelled,2023-04-01,5
1038,Usman Ahmed,Faisalabad,Health & Beauty,Hair Oil,5,350,Cash on Delivery,Delivered,2023-09-25,4
1010,SANA BAIG,Islamabad,Toys,Doll,1, 900 ,EasyPaisa,Delivered,2024-03-08,4
1090,Bilal Butt,Gujranwala,Health & Beauty,Shampoo,4,500,Bank Transfer,Delivered,2023-05-28,5
1168,Ayesha Javed,Quetta,Sports,Sports Shoes,5,5250,JazzCash,Delivered,2024-04-05,5
1015,Rizwan Ahmed,Sialkot,Food & Grocery,Flour 10kg,4,1000,EasyPaisa,Shipped,2024-06-24,5
1076,Sobia Baig,Faisalabad,Home & Kitchen,Electric Kettle,1,2800,Debit Card,Delivered,2023-09-30,4
1404,Ayesha Siddiqui,Gujranwala,Clothing,T-Shirt,4,1200,Debit Card,Delivered,2024-04-30,4
1346,Ayesha Butt,Gujranwala,Sports,Football,1,2200,Debit Card,Shipped,2023-10-17,5
1107,Nadia Ansari,Lahore,Health & Beauty,Multivitamin,1,1200,EasyPaisa,Delivered,2024-04-10,4
1143,Hina Ansari,Rawalpindi,Toys,Puzzle 500pc,4,900,EasyPaisa,Shipped,2024-04-25,4
1355,Asad Ali,Karachi,Toys,Puzzle 500pc,2,950,EasyPaisa,Delivered,2024-05-16,4
1004,Hassan Javed,Lahore,Health & Beauty,Multivitamin,5,1150,Cash on Delivery,Cancelled,2023-05-08,5
1415,Shahid Butt,Lahore,Sports,Skipping Rope,5,450,EasyPaisa,Delivered,2024-06-10,4
1475,Tariq Siddiqui,Peshawar,Food & Grocery,Basmati Rice 5kg,5,1200,JazzCash,Cancelled,2023-11-02,4
1465,Hina Chaudhry,Islamabad,Books & Stationery,IELTS Guide,1,1800,EasyPaisa,Shipped,2023-10-21,5
1313,Faisal Farooq,Islamabad,Home & Kitchen,Iron,5,3450,Bank Transfer,Delivered,2023-04-03,3
1244,Rizwan Hashmi,Islamabad,Books & Stationery,Mathematics Book,5,700,EasyPaisa,Cancelled,2023-11-18,4
1112,Shahid Farooq,Lahore,Toys,Board Game,5,1450,Debit Card,Returned,2023-11-05,5
1122,Nimra Khan,Lahore,Home & Kitchen,Electric Kettle,4,2800,EasyPaisa,Shipped,2023-11-16,5
1253,Ayesha Ali,Lahore,Electronics,Power Bank,1,3250,EasyPaisa,Delivered,2024-06-12,4
1003,Imran Farooq,Faisalabad,Electronics,Tablet,4,31500,EasyPaisa,Delivered,2023-12-11,4
1256,Adnan Ahmed,Gujranwala,Clothing,Jacket,3,4400,Bank Transfer,Delivered,2023-09-26,5
1255,Tariq Khan,Gujranwala,Home & Kitchen,Iron,5,3500,Cash on Delivery,Delivered,2023-07-30,5
1378,Saima Hashmi,Gujranwala,Books & Stationery,Notebook Pack,4,350,JazzCash,Delivered,2023-08-17,5
1007,Maryam Qureshi,Sialkot,Home & Kitchen,Dinner Set,4,6400,Debit Card,Returned,2023-08-13,5
1130,Hassan Javed,Faisalabad,Health & Beauty,Moisturizer,3,700,Cash on Delivery,Returned,2023-04-27,
1002,Fatima Khan,Lahore,Home & Kitchen,Water Bottle,5,650,Credit Card,Delivered,2024-03-05,4
1482,Ahmed Butt,Multan,Food & Grocery,Basmati Rice 5kg,5,1250,Credit Card,Delivered,2023-11-25,4
1432,Hina Sheikh,Sialkot,Toys,Remote Car,3,2800,Bank Transfer,Shipped,2023-11-11,5
1455,Sana Ansari,Sialkot,Books & Stationery,Mathematics Book,1,650,JazzCash,Delivered,2023-06-28,5
1326,Fatima Ansari,Karachi,Sports,Football,3,2250,Debit Card,Cancelled,2023-07-24,4
1148,Uzma Raza,Peshawar,Food & Grocery,Flour 10kg,1,950,Bank Transfer,Delivered,2024-04-25,5
1229,Shahid Iqbal,Islamabad,Clothing,Kurta,5,1750,EasyPaisa,Returned,2023-09-16,5
1473,Hassan Sheikh,Quetta,Food & Grocery,Daal Masoor 1kg,3,450,Cash on Delivery,Delivered,2023-09-12,5
1158,Sara Nawaz,Quetta,Health & Beauty,Vitamin C,1,950,Cash on Delivery,Processing,2023-07-04,
1215,Nadia Siddiqui,Islamabad,Home & Kitchen,Electric Kettle,3,2750,Credit Card,Delivered,2024-03-13,
1027,Omar Mirza,Rawalpindi,Books & Stationery,Urdu Novel,2,450,JazzCash,Cancelled,2023-11-20,4
1317,Sara Sheikh,Gujranwala,Health & Beauty,Moisturizer,5,Rs.700,Bank Transfer,Shipped,2023-10-29,4
1450,Usman Baig,Faisalabad,Toys,Action Figure,3,650,Bank Transfer,Delivered,2024-03-05,5
1309,Asad Sheikh,Karachi,Sports,Skipping Rope,4,450,Bank Transfer,Shipped,2024-05-29,5
1077,Hassan Ali,Islamabad,Books & Stationery,Pens Box,4,250,Debit Card,Shipped,2024-02-17,5
1462,Bilal Butt,Islamabad,Electronics,Laptop,3,88050,JazzCash,Cancelled,2024-04-23,
1172,Sobia Hashmi,Gujranwala,Health & Beauty,Face Wash,1,450,Debit Card,Shipped,2023-08-04,5
1088,,Peshawar,Health & Beauty,Hair Oil,4,400,EasyPaisa,Delivered,2024-01-28,4
1023,,Karachi,Sports,Yoga Mat,4,1750,Debit Card,Returned,2024-05-13,4
1372,Uzma Nawaz,Lahore,Sports,Protein Powder,1,4600,Debit Card,Shipped,2023-01-13,
1282,Nadia Nawaz,Gujranwala,Clothing,Shalwar Kameez,3,2900,EasyPaisa,Processing,2024-03-06,5
1194,Kamran Nawaz,Lahore,Food & Grocery,Basmati Rice 5kg,5,1250,EasyPaisa,Processing,2024-05-02,5
1082,Hassan Mirza,Faisalabad,Health & Beauty,Shampoo,4,550,Cash on Delivery,Returned,2024-04-18,5
1262,Waqas Hussain,Quetta,Food & Grocery,Cooking Oil 5L,5,1700,EasyPaisa,Shipped,2023-02-03,5
1197,Faisal Hashmi,Lahore,Health & Beauty,Vitamin C,4,1000,Credit Card,Returned,2024-05-20,4
1364,Zara Raza,Quetta,Home & Kitchen,Water Bottle,3,650,EasyPaisa,Shipped,2024-02-24,5
1044,Imran Shah,Sialkot,Toys,Remote Car,1,2750,Debit Card,Shipped,2023-04-06,4
1186,Shahid Hashmi,Multan,Food & Grocery,Daal Masoor 1kg,1,400,Debit Card,Delivered,2023-07-15,3
1319,BILAL MIRZA,Lahore,Home & Kitchen,Blender,3,3650,Cash on Delivery,Shipped,2024-04-02,3
1059,Zara Farooq,Karachi,Books & Stationery,Urdu Novel,4,450,EasyPaisa,Delivered,2023-09-06,4
1449,Waqas Khan,Karachi,Home & Kitchen,Electric Kettle,5,2700,JazzCash,Shipped,2023-07-11,
1064,Rabia Mirza,Islamabad,Toys,Board Game,3,0,JazzCash,Shipped,2023-10-10,
1435,Uzma Hashmi,Multan,Clothing,Kurta,3,1750,Cash on Delivery,Delivered,2024-01-29,5
1320,Usman Shah,Rawalpindi,Clothing,Dupatta,3,950,Debit Card,Delivered,2023-02-19,5
1129,Saima Hashmi,Quetta,Health & Beauty,Shampoo,4,550,EasyPaisa,Processing,2024-02-15,
1363,Ayesha Iqbal,Lahore,Books & Stationery,English Grammar,4,900,Cash on Delivery,Returned,2023-05-01,5
1441,Rizwan Farooq,Faisalabad,Toys,Coloring Book,5,350,EasyPaisa,Shipped,2024-04-14,5
1387,Shahid Sheikh,Peshawar,Clothing,Dupatta,5,900,Credit Card,Processing,2024-06-30,5
1303,Tariq Hussain,Sialkot,Home & Kitchen,Non-Stick Pan,4,2100,EasyPaisa,Delivered,2023-01-13,3
1233,Uzma Ahmed,Faisalabad,Electronics,Tablet,3,30450,EasyPaisa,Delivered,2024-02-12,4
1092,Tariq Mirza,Quetta,Electronics,Smartphone,2,45600,JazzCash,Delivered,2023-04-03,5
1013,Shahid Raza,Faisalabad,Home & Kitchen,Dinner Set,3,6650,Credit Card,Returned,2023-01-01,5
9100,Saima Sheikh, gujranwala,Books & Stationery,English Grammar,3,900,Bank Transfer,Shipped,2023-12-27,4
1166,Amna Siddiqui,LAHORE,Food & Grocery,Flour 10kg,3,950,Cash on Delivery,Delivered,2023-05-23,4
1429,Bilal Chaudhry,Quetta,Home & Kitchen,Non-Stick Pan,3,2200,Credit Card,Processing,2023-09-21,4
1371,Uzma Farooq,Quetta,Toys,Remote Car,5,2750,JazzCash,Delivered,2023-05-14,5
1467,Sana Shah,Multan,Sports,Sports Shoes,2,5300,Debit Card,Processing,2024-01-23,4
1280,SAIMA MALIK,Rawalpindi,Books & Stationery,CSS Notes,2,2200,Credit Card,Shipped,2023-01-28,5
1300,Bilal Raza,Islamabad,Toys,Toy Kitchen,3,2200,Credit Card,Shipped,2023-08-01,5
1093,Zara Raza,Quetta,Food & Grocery,Sugar 5kg,1,550,Cash on Delivery,Shipped,2024-01-03,5
1058,Faisal Shah,FAISALABAD,Books & Stationery,Mathematics Book,2,650,Debit Card,Delivered,2023-06-17,5
1257,Shahid Mirza,Gujranwala,Sports,Sports Shoes,5,5300,JazzCash,Cancelled,2023-06-26,5
1047,Nadia Qureshi,Sialkot,Toys,Lego Set,5,3100,Cash on Delivery,Cancelled,2023-05-17,5
1358,AYESHA MALIK,Lahore,Sports,Yoga Mat,2,1700,Cash on Delivery,Shipped,2023-10-25,5
1238,Sana Raza,Lahore,Electronics,Charger,4,800,JazzCash,Delivered,2023-05-16,4
1073,ADNAN BUTT,Multan,Toys,Toy Kitchen,3,2300,Bank Transfer,Shipped,2023-03-03,4
1196,Hina Qureshi,Karachi,Sports,Protein Powder,2,5000,JazzCash,Delivered,2023-01-10,5
1028,Ahmed Hussain,Gujranwala,Clothing,Kurta,5,Rs.1750,JazzCash,Delivered,2023-12-24,4
1368,Hina Raza,Lahore,Electronics,Laptop,2,86400,EasyPaisa,Shipped,2024-01-02,5
1151,Rizwan Nawaz,Gujranwala,Electronics,Headphones,2,4400,Cash on Delivery,Shipped,2023-09-04,5
1217,Rabia Baig,LAHORE,Books & Stationery,English Grammar,4,900,Credit Card,Processing,2024-03-02,
1086,Rizwan Nawaz,Quetta,Home & Kitchen,Iron,5,3400,EasyPaisa,Returned,2023-05-20,4
1237,Hassan Hashmi,Faisalabad,Home & Kitchen,Non-Stick Pan,1,2150,Bank Transfer,Delivered,2024-02-03,5
1147,Hina Ali,Multan,Health & Beauty,Moisturizer,4,700,JazzCash,Delivered,2023-01-29,5
1443,Hina Ansari,Sialkot,Electronics,Charger,2, 800 ,Bank Transfer,Shipped,2023-03-19,
1204,Uzma Nawaz,Sialkot,Home & Kitchen,Water Bottle,5,650,Cash on Delivery,Returned,2024-04-02,
1226,Asad Ali,Sialkot,Electronics,Smartphone,1,46200,Bank Transfer,Delivered,2023-08-25,4
1150,Adnan Siddiqui,Rawalpindi,Books & Stationery,CSS Notes,1, 2150 ,Debit Card,Cancelled,2023-03-06,4
1098,Ahmed Javed,quetta,Electronics,Laptop,5,87100,JazzCash,Delivered,2023-12-27,4
1026,Junaid Farooq,Rawalpindi,Electronics,Smartphone,4,45700,Credit Card,Returned,2023-11-20,5
1323,Junaid Javed,Islamabad,Clothing,Kurta,3,1800,Credit Card,Cancelled,2023-02-01,5
1265,Mehwish Ali,Quetta,Books & Stationery,Mathematics Book,1,650,Cash on Delivery,Delivered,2023-08-03,5
1403,Ahmed Javed,Lahore,Electronics,Smartphone,5,42950,Cash on Delivery,Shipped,2024-05-29,4
1458,Waqas Chaudhry,Gujranwala,Sports,Yoga Mat,4,1850,JazzCash,Returned,2024-04-06,5
1021,Amna Hussain,Islamabad,Sports,Badminton Set,3,1800,Cash on Delivery,Cancelled,2023-04-11,3
1203,Sana Hashmi,FAISALABAD,Home & Kitchen,Dinner Set,4,6250,Debit Card,Shipped,2024-03-01,
1276,SHAHID HUSSAIN,Karachi,Electronics,Power Bank,1,3350,Bank Transfer,Delivered,2024-05-04,4
1266,Mehwish Hashmi,Multan,Food & Grocery,Flour 10kg,2,1000,Cash on Delivery,Shipped,2024-06-29,5
1126,Ayesha Shah,Islamabad,Books & Stationery,Pens Box,3,250,Bank Transfer,Processing,2023-06-29,4
1388,Junaid Iqbal,Karachi,Clothing,Shalwar Kameez,4,2700,Debit Card,Delivered,2023-07-24,5
1234,Ayesha Qureshi,Gujranwala,Home & Kitchen,Electric Kettle,5,2750,Debit Card,Delivered,2023-03-22,
1232,Rabia Iqbal,Peshawar,Clothing,Shalwar Kameez,2,2700,Debit Card,Cancelled,2023-10-05,3
1056,Usman Iqbal,Faisalabad,Clothing,Shawl,1, 1550 ,Cash on Delivery,Shipped,2023-08-18,4
1357,Omar Ansari,Karachi,Health & Beauty,Moisturizer,1,700,Debit Card,Delivered,,5
1020,Mehwish Ali,Lahore,Electronics,Smart Watch,3,12350,Cash on Delivery,Delivered,2023-07-16,4
1361,Sana Ali,Multan,Books & Stationery,IELTS Guide,5,1900,Debit Card,Delivered,2023-01-21,3
1329,Usman Hussain,Quetta,Books & Stationery,Notebook Pack,3,350,EasyPaisa,Delivered,2023-03-29,5
1469,Mehwish Ahmed,Islamabad,Food & Grocery,Sugar 5kg,1,550,Credit Card,Cancelled,2023-10-06,5
1275,Asad Siddiqui,Rawalpindi,Sports,Football,1,2100,Bank Transfer,Delivered,2023-05-16,4
1305,Ahmed Ahmed,Rawalpindi,Toys,Remote Car,1,2900,JazzCash,Delivered,2023-02-13,5
1293,Saima Butt,peshawar ,Sports,Football,4,2300,JazzCash,Shipped,2023-03-30,
1423,Usman Qureshi,Sialkot,Sports,Cricket Bat,3,4700,EasyPaisa,Cancelled,2024-04-27,5
1372,Uzma Nawaz,Lahore,Sports,Protein Powder,1,4600,Debit Card,Shipped,2023-01-13,
1161,Shahid Qureshi,Karachi,Food & Grocery,Spices Pack,1,250,EasyPaisa,Shipped,2024-01-06,5
1456,Sana Mirza,Sialkot,Toys,Toy Kitchen,1,2150,JazzCash,Cancelled,2023-05-29,4
1195,Asad Shah,Faisalabad,Health & Beauty,Vitamin C,1, 1000 ,Cash on Delivery,Delivered,2023-02-08,4
1312,Faisal Javed,Peshawar,Food & Grocery,Flour 10kg,2,950,Debit Card,Shipped,2023-01-29,5
1022,Asad Sheikh,Karachi,Clothing,Jeans,2,3150,Bank Transfer,Delivered,2024-02-15,3
1208,Rizwan Khan,Rawalpindi,Clothing,Shalwar Kameez,4,2750,Cash on Delivery,Returned,2023-03-03,4
1491,Kamran Ansari,Multan,Sports,Skipping Rope,5,450,Credit Card,Delivered,2024-01-20,
1127,Tariq Sheikh,karachi,Health & Beauty,Shampoo,4,550,Cash on Delivery,Processing,2023-01-20,5
1235,Nimra Ansari,Karachi,Clothing,Abaya,2,3600,JazzCash,Processing,2023-12-01,3
1167,Saima Nawaz,Karachi,Health & Beauty,Multivitamin,4,1250,Credit Card,Delivered,2023-03-30,4
1414,Usman Sheikh,Sialkot,Toys,Remote Car,3,2750,Credit Card,Shipped,2023-05-18,5
1251,Ahmed Nawaz,Lahore,Books & Stationery,Urdu Novel,1,450,Debit Card,Delivered,2023-12-23,5
1427,Adnan Raza,Lahore,Toys,Remote Car,5,2800,Cash on Delivery,Processing,2024-06-18,5
1225,Nimra Nawaz,Quetta,Food & Grocery,Ghee 1kg,2,650,Credit Card,Cancelled,2023-07-08,
1091,Mehwish Malik,Lahore,Toys,Puzzle 500pc,3,950,Bank Transfer,Delivered,2023-12-03,
1034,Faisal Sheikh,Islamabad,Sports,Badminton Set,1,1750,Cash on Delivery,Shipped,2023-08-04,4
1105,AYESHA NAWAZ,Lahore,Clothing,Jeans,5,3100,Bank Transfer,Shipped,2024-03-05,4
1476,Sana Ali,Rawalpindi,Clothing,Jeans,4,3150,EasyPaisa,Shipped,2023-05-03,5
1344,Sobia Shah,karachi,Sports,Cricket Bat,1,4500,EasyPaisa,Delivered,2023-01-09,4
1381,Usman Hashmi,Rawalpindi,Home & Kitchen,Non-Stick Pan,4,2150,EasyPaisa,Shipped,2023-04-21,5
1114,Kamran Hashmi,Islamabad,Clothing,Jacket,3,4550,Credit Card,Returned,2023-11-29,5
1445,Nimra Shah,Rawalpindi,Home & Kitchen,Storage Box,2, 850 ,EasyPaisa,Shipped,2023-06-09,4
1139,Ayesha Javed,Islamabad,Clothing,T-Shirt,5,Rs.1200,JazzCash,Delivered,2024-06-23,4
1008,Rizwan Ali,Rawalpindi,Electronics,Power Bank,4,3150,EasyPaisa,Shipped,2023-08-06,5
1499,Imran Hashmi,Gujranwala,Clothing,Jeans,4,3150,Bank Transfer,Delivered,2023-05-16,5
1210,Imran Javed,Multan,Clothing,Jacket,3,4350,Credit Card,Processing,2024-06-25,4
1017,Nadia Ahmed,Peshawar,Electronics,Headphones,5,4350,Cash on Delivery,Delivered,2023-08-23,4
1116,Imran Baig,Multan,Health & Beauty,Sanitizer 500ml,4,300,Cash on Delivery,Shipped,2024-03-13,5
1099,Asad Shah,Gujranwala,Books & Stationery,English Grammar,1,900,Debit Card,Delivered,2023-11-13,5
1084,Imran Nawaz,Lahore,Electronics,Headphones,2,4400,Cash on Delivery,Returned,2024-02-22,4
1474,Adnan Hussain, Rawalpindi,Electronics,Headphones,4,4600,Cash on Delivery,Returned,2023-08-02,5
1243,Bilal Siddiqui,Karachi,Sports,Skipping Rope,5,450,JazzCash,Cancelled,2023-12-09,5
1252,Kamran Hussain,Rawalpindi,Toys,Action Figure,4,650,Debit Card,Cancelled,2023-11-23,4
1199,Ahmed Mirza,Faisalabad,Home & Kitchen,Dinner Set,5,Rs.6750,Bank Transfer,Processing,2024-06-11,5
1431,Zara Malik,Multan,Books & Stationery,Pens Box,5,250,JazzCash,Shipped,2024-02-11,4
1192,Asad Chaudhry,Quetta,Home & Kitchen,Water Bottle,5,650,Credit Card,Shipped,2023-05-21,4
1333,Rizwan Hashmi,Faisalabad,Health & Beauty,Shampoo,1, 500 ,Bank Transfer,Returned,2023-11-30,5
1365,Sara Ali,Sialkot,Toys,Board Game,4,1450,Cash on Delivery,Delivered,2023-04-02,4
1241,Sara Malik,Faisalabad,Books & Stationery,Pens Box,4,250,EasyPaisa,Processing,2023-10-10,5
1488,Shahid Raza,Lahore,Home & Kitchen,Electric Kettle,2,2700,Debit Card,Delivered,2023-07-03,
1258,Uzma Hashmi,Gujranwala,Clothing,Jacket,3,4350,JazzCash,Delivered,2023-07-07,5
1069,Rizwan Shah,Faisalabad,Home & Kitchen,Blender,2,3700,Debit Card,Returned,2023-05-10,5
1245,Tariq Mirza,Faisalabad,Toys,Board Game,3,1500,Bank Transfer,Shipped,2023-04-27,4
1400,Zara Qureshi,Sialkot,Electronics,Smartphone,2,45750,EasyPaisa,Processing,2023-04-17,4
1472,Saima Nawaz,Peshawar,Toys,Lego Set,3,3050,EasyPaisa,Delivered,2023-09-30,5
1041,Hassan Mirza,Gujranwala,Health & Beauty,Shampoo,3,500,Debit Card,Processing,2023-12-01,5
1184,Rizwan Butt,Sialkot,Toys,Puzzle 500pc,4,1000,JazzCash,Shipped,2023-04-23,5
1452,Saima Baig,Sialkot,Sports,Sports Shoes,2,5300,Debit Card,Delivered,2024-04-29,3
1497,Uzma Mirza,Peshawar,Sports,Sports Shoes,1,5700,EasyPaisa,Delivered,2024-01-27,3
1420,Imran Qureshi,Rawalpindi,Clothing,T-Shirt,2,1150,EasyPaisa,Shipped,2023-05-02,4
1422,Fatima Malik,Gujranwala,Food & Grocery,Flour 10kg,5,900,Credit Card,Delivered,2023-02-27,4
1306,Fatima Qureshi,Gujranwala,Sports,Sports Shoes,4,5250,Debit Card,Processing,2023-06-26,5
1119,Maryam Siddiqui,Peshawar,Clothing,Jeans,2, 3250 ,EasyPaisa,Delivered,2023-12-25,
1428,Sana Ali,Sialkot,Sports,Gym Gloves,4,1000,Bank Transfer,Shipped,2023-04-11,5
1291,Sana Javed,Islamabad,Food & Grocery,Basmati Rice 5kg,5,1250,Debit Card,Processing,2023-08-18,5
1311,Sana Farooq,Rawalpindi,Food & Grocery,Cooking Oil 5L,2,1850,JazzCash,Returned,2023-02-27,4
1137,Sana Ansari,peshawar ,Sports,Sports Shoes,3,5600,Cash on Delivery,Shipped,2023-03-09,5
1316,Hassan Ansari, gujranwala,Clothing,Dupatta,3,900,EasyPaisa,Processing,2024-05-13,5
1500,Hassan Nawaz,Gujranwala,Electronics,Smart Watch,3,11500,Credit Card,Processing,2023-05-14,4
1391,Tariq Iqbal,Peshawar,Electronics,Laptop,3,82500,Bank Transfer,Delivered,2024-01-12,
1014,Rabia Khan,Lahore,Health & Beauty,Vitamin C,2,900,Credit Card,Delivered,2023-03-29,5
1454,Waqas Qureshi,Karachi,Home & Kitchen,Storage Box,4,900,Cash on Delivery,Cancelled,2023-12-09,5
1484,Zara Raza,Sialkot,Clothing,Shalwar Kameez,2,Rs.2700,Cash on Delivery,Delivered,2023-04-20,5
1055,Bilal Hussain,Islamabad,Electronics,Charger,4,800,Bank Transfer,Shipped,2023-12-12,5
1097,Mehwish Siddiqui,Rawalpindi,Sports,Protein Powder,1,4650,Credit Card,Shipped,2023-10-30,5
1399,Shahid Butt,Quetta,Toys,Lego Set,3,3350,EasyPaisa,Shipped,2024-06-10,4
1078,Shahid Sheikh,Quetta,Toys,Doll,5,800,Bank Transfer,Shipped,2023-09-14,3
1141,Nadia Malik,Islamabad,Clothing,T-Shirt,1,1200,Credit Card,Returned,2023-02-08,5
1379,KAMRAN SHEIKH,Gujranwala,Toys,Action Figure,4,650,Debit Card,Delivered,2023-01-03,5
1327,Ahmed Shah,Islamabad,Books & Stationery,CSS Notes,4,2300,JazzCash,Processing,2024-04-27,5
1421,Hina Mirza,Lahore,Toys,Toy Kitchen,4,2150,EasyPaisa,Processing,2023-01-23,4
1382,Fatima Farooq,Lahore,Toys,Toy Kitchen,5,2300,EasyPaisa,Cancelled,2023-01-05,
1227,Waqas Malik,Karachi,Home & Kitchen,Iron,3,3350,Debit Card,Cancelled,2024-05-14,3
9112,Asad Khan,Karachi,Toys,Coloring Book,4,350,Bank Transfer,Cancelled,2023-12-22,4
1211,Nimra Baig,Karachi,Electronics,Charger,4,800,Credit Card,Processing,2024-06-28,5
1212,Rizwan Baig,peshawar ,Toys,Action Figure,2,650,Debit Card,Delivered,2023-02-02,5
1164,Zara Chaudhry,Faisalabad,Toys,Board Game,5,1450,Bank Transfer,Delivered,2023-05-06,4
1392,Nimra Hashmi,Rawalpindi,Home & Kitchen,Storage Box,4,800,Debit Card,Delivered,2023-07-11,4
1016,Omar Sheikh,Rawalpindi,Books & Stationery,Urdu Novel,3,450,Credit Card,Cancelled,2023-05-04,4
1373,Adnan Farooq,Gujranwala,Home & Kitchen,Blender,5,3800,Debit Card,Delivered,2024-03-19,4
1464,,Faisalabad,Health & Beauty,Sanitizer 500ml,5,300,Cash on Delivery,Cancelled,2023-11-12,5
1451,Sana Javed,Faisalabad,Toys,Remote Car,5,2700,Credit Card,Delivered,2023-04-13,5
1430,Ahmed Khan,Gujranwala,Clothing,Shalwar Kameez,4,2850,Debit Card,Shipped,2024-02-23,5
1257,Shahid Mirza,Gujranwala,Sports,Sports Shoes,5,5300,JazzCash,Cancelled,2023-06-26,5
1095,Uzma Farooq,Islamabad,Home & Kitchen,Iron,3,3500,Debit Card,Delivered,2024-04-21,5
1061,Asad Mirza,Karachi,Sports,Protein Powder,1,4750,JazzCash,Cancelled,2023-06-06,5
1369,Maryam Chaudhry,Lahore,Health & Beauty,Multivitamin,2,1150,Bank Transfer,Cancelled,2023-10-06,5
1273,Ahmed Raza,Islamabad,Toys,Toy Kitchen,1,2300,Bank Transfer,Delivered,2023-05-16,5
1286,Nimra Baig,Karachi,Home & Kitchen,Non-Stick Pan,4,2100,Credit Card,Delivered,2023-11-13,4
1035,Sobia Raza,Peshawar,Sports,Badminton Set,2,Rs.1850,EasyPaisa,Processing,2023-01-26,4
1163,Tariq Mirza,Faisalabad,Home & Kitchen,Non-Stick Pan,1,2250,Bank Transfer,Returned,2024-02-01,
1081,Mehwish Qureshi,Peshawar,Sports,Protein Powder,3,4900,Bank Transfer,Returned,2023-02-07,5
1290,Usman Raza,Gujranwala,Clothing,Jeans,5,3050,Cash on Delivery,Delivered,2023-02-17,5
1336,Usman Javed,Islamabad,Sports,Cricket Bat,4,Rs.4700,JazzCash,Delivered,2023-02-20,5
1075,Hina Hussain,Gujranwala,Toys,Puzzle 500pc,1,900,Debit Card,Shipped,2024-04-09,4
1395,Saima Farooq,Sialkot,Health & Beauty,Shampoo,3,500,EasyPaisa,Returned,2023-03-11,
1221,Tariq Baig,LAHORE,Health & Beauty,Vitamin C,4,950,Debit Card,Shipped,2023-11-12,5
1070,Fatima Ali,Sialkot,Books & Stationery,English Grammar,4,800,Cash on Delivery,Shipped,2024-04-25,5
1489,Nimra Sheikh,Multan,Clothing,Dupatta,4,900,Bank Transfer,Delivered,2023-06-20,4
1269,Bilal Farooq,quetta,Sports,Sports Shoes,4,5250,Cash on Delivery,Processing,2024-06-11,5
1461,Usman Hashmi,Islamabad,Clothing,Abaya,3,3400,Debit Card,Shipped,2024-03-29,4
1362,Waqas Raza,Multan,Toys,Coloring Book,1,350,Bank Transfer,Delivered,2023-07-30,3
1353,Shahid Raza,Multan,Books & Stationery,Urdu Novel,1,450,EasyPaisa,Delivered,2023-07-25,5
1159,Ayesha Mirza,Lahore,Clothing,Dupatta,3,900,Credit Card,Processing,2023-06-20,5
1481,Nimra Hussain,Faisalabad,Food & Grocery,Cooking Oil 5L,5,1750,JazzCash,Shipped,2024-01-11,5
1442,Junaid Farooq,Karachi,Toys,Doll,3,800,Debit Card,Delivered,2023-08-24,5
1104,Kamran Hashmi,Rawalpindi,Clothing,Shawl,3,1500,Cash on Delivery,Delivered,2023-02-16,3
1410,Kamran Hashmi,Faisalabad,Food & Grocery,Ghee 1kg,3,700,EasyPaisa,Delivered,2023-11-17,4
1351,Rabia Malik,karachi,Food & Grocery,Ghee 1kg,1,650,EasyPaisa,Shipped,2024-03-06,5
1485,Omar Raza,Karachi,Sports,Protein Powder,5,4850,Credit Card,Shipped,2023-02-20,5
1298,Shahid Malik,Multan,Clothing,Shalwar Kameez,4,2850,EasyPaisa,Delivered,2023-10-26,5
1121,Ahmed Qureshi,Faisalabad,Books & Stationery,Mathematics Book,3,600,EasyPaisa,Processing,2023-03-13,4
1335,Saima Siddiqui,Sialkot,Health & Beauty,Hair Oil,3,400,Bank Transfer,Cancelled,2023-02-08,4
1106,Junaid Iqbal,Lahore,Toys,Coloring Book,3,350,JazzCash,Delivered,2024-03-30,5
1068,Kamran Raza,Sialkot,Food & Grocery,Daal Masoor 1kg,2,450,JazzCash,Returned,2023-10-17,4
1278,Asad Malik,Lahore,Electronics,Tablet,4,31500,EasyPaisa,Delivered,2024-02-26,5
1230,Usman Javed,Lahore,Health & Beauty,Hair Oil,4,400,Debit Card,Delivered,2023-11-04,4
1169,Sobia Butt,Peshawar,Food & Grocery,Flour 10kg,2,950,Cash on Delivery,Delivered,2024-06-14,4
1310,Tariq Chaudhry,Islamabad,Electronics,Power Bank,5,3100,JazzCash,Delivered,2024-04-28,
1466,Amna Khan,Quetta,Toys,Puzzle 500pc,1,1000,JazzCash,Delivered,2023-01-08,
1160,Sana Hussain,Karachi,Health & Beauty,Hair Oil,3,400,Cash on Delivery,Delivered,2024-02-20,5
1219,Amna Shah,Karachi,Books & Stationery,Urdu Novel,5,450,Cash on Delivery,Delivered,2023-08-11,5
1079,Hassan Baig,Gujranwala,Electronics,Charger,5,750,EasyPaisa,Cancelled,2024-06-15,5
1294,Imran Khan,Peshawar,Home & Kitchen,Storage Box,5,850,Debit Card,Delivered,2024-04-20,5
1124,Imran Iqbal,Quetta,Toys,Coloring Book,3,350,Credit Card,Delivered,2023-12-20,5
1214,Tariq Hussain,Rawalpindi,Home & Kitchen,Pressure Cooker,2,4800,JazzCash,Delivered,2023-11-23,5
1117,Sobia Chaudhry,Peshawar,Food & Grocery,Spices Pack,1,250,Cash on Delivery,Delivered,2024-03-18,4
1352,Sana Chaudhry,Gujranwala,Books & Stationery,Atlas,1,1000,Debit Card,Delivered,2024-04-28,4
1321,Imran Iqbal,Islamabad,Sports,Protein Powder,4,4750,Bank Transfer,Delivered,2024-05-05,4
1447,Sara Butt,Faisalabad,Sports,Gym Gloves,5,900,Credit Card,Processing,2024-05-04,
1314,Nadia Hashmi,Rawalpindi,Electronics,USB Cable,1,350,Credit Card,Delivered,2023-05-14,5
1348,Bilal Butt,Rawalpindi,Electronics,Smart Watch,3,12200,Debit Card,Delivered,2024-05-24,5
1492,Uzma Chaudhry,Peshawar,Toys,Toy Kitchen,4,2100,Cash on Delivery,Shipped,2023-01-17,
1267,Maryam Sheikh,Islamabad,Health & Beauty,Vitamin C,3,950,Credit Card,Delivered,2023-05-19,5
1196,Hina Qureshi,Karachi,Sports,Protein Powder,2,5000,JazzCash,Delivered,2023-01-10,5
1374,RABIA ANSARI,Multan,Food & Grocery,Basmati Rice 5kg,1,1200,EasyPaisa,Returned,2024-04-25,5
1045,Sobia Siddiqui,Rawalpindi,Home & Kitchen,Dinner Set,1,6200,Bank Transfer,Delivered,2024-04-11,5
1071,Imran Mirza,Islamabad,Electronics,Charger,4,750,Cash on Delivery,Processing,2024-05-18,4
1337,Uzma Chaudhry,Peshawar,Electronics,Power Bank,3,3150,Bank Transfer,Delivered,2023-08-22,4
1202,Fatima Raza,Quetta,Books & Stationery,English Grammar,4,850,Debit Card,Shipped,2023-05-01,5
1460,Tariq Raza,Lahore,Clothing,Shawl,5,1450,Bank Transfer,Returned,2023-03-27,4
1175,Nimra Ansari,Multan,Food & Grocery,Ghee 1kg,5,700,JazzCash,Delivered,2024-04-22,4
1156,Uzma Siddiqui,Sialkot,Sports,Protein Powder,3,4600,Debit Card,Delivered,2023-10-20,5
1231,Asad Ali,Lahore,Sports,Sports Shoes,4,5550,Cash on Delivery,Delivered,2023-06-25,4
1287,Zara Khan,peshawar ,Electronics,Tablet,4,33450,Credit Card,Returned,2023-09-23,4
1031,Ayesha Hashmi,Rawalpindi,Health & Beauty,Moisturizer,3,700,JazzCash,Delivered,,5
